-- MySQL dump 10.13  Distrib 8.3.0, for Win64 (x86_64)
--
-- Host: 103.237.87.46    Database: luckperms
-- ------------------------------------------------------
-- Server version	8.0.36-0ubuntu0.20.04.1

/*!40101 SET @OLD_CHARACTER_SET_CLIENT=@@CHARACTER_SET_CLIENT */;
/*!40101 SET @OLD_CHARACTER_SET_RESULTS=@@CHARACTER_SET_RESULTS */;
/*!40101 SET @OLD_COLLATION_CONNECTION=@@COLLATION_CONNECTION */;
/*!50503 SET NAMES utf8mb4 */;
/*!40103 SET @OLD_TIME_ZONE=@@TIME_ZONE */;
/*!40103 SET TIME_ZONE='+00:00' */;
/*!40014 SET @OLD_UNIQUE_CHECKS=@@UNIQUE_CHECKS, UNIQUE_CHECKS=0 */;
/*!40014 SET @OLD_FOREIGN_KEY_CHECKS=@@FOREIGN_KEY_CHECKS, FOREIGN_KEY_CHECKS=0 */;
/*!40101 SET @OLD_SQL_MODE=@@SQL_MODE, SQL_MODE='NO_AUTO_VALUE_ON_ZERO' */;
/*!40111 SET @OLD_SQL_NOTES=@@SQL_NOTES, SQL_NOTES=0 */;

--
-- Table structure for table `luckperms_actions`
--

DROP TABLE IF EXISTS `luckperms_actions`;
/*!40101 SET @saved_cs_client     = @@character_set_client */;
/*!50503 SET character_set_client = utf8mb4 */;
CREATE TABLE `luckperms_actions` (
  `id` int NOT NULL AUTO_INCREMENT,
  `time` bigint NOT NULL,
  `actor_uuid` varchar(36) NOT NULL,
  `actor_name` varchar(100) NOT NULL,
  `type` char(1) NOT NULL,
  `acted_uuid` varchar(36) NOT NULL,
  `acted_name` varchar(36) NOT NULL,
  `action` varchar(300) NOT NULL,
  PRIMARY KEY (`id`)
) ENGINE=InnoDB AUTO_INCREMENT=193 DEFAULT CHARSET=utf8mb4 COLLATE=utf8mb4_0900_ai_ci;
/*!40101 SET character_set_client = @saved_cs_client */;

--
-- Dumping data for table `luckperms_actions`
--

LOCK TABLES `luckperms_actions` WRITE;
/*!40000 ALTER TABLE `luckperms_actions` DISABLE KEYS */;
INSERT INTO `luckperms_actions` VALUES (1,1717341805,'00000000-0000-0000-0000-000000000000','Console','G','null','coal','webeditor add prefix.1.&8&l〖Than〗 &f true'),(2,1717341805,'00000000-0000-0000-0000-000000000000','Console','G','null','coal','webeditor remove prefix.1.&r &r &f true'),(3,1717341805,'00000000-0000-0000-0000-000000000000','Console','G','null','default','webeditor add prefix.0.&a&l〖Member〗 &f true'),(4,1717341805,'00000000-0000-0000-0000-000000000000','Console','G','null','default','webeditor remove prefix.0.&r &r &f true'),(5,1717434371,'00000000-0000-0000-0000-000000000000','Console','U','31f8c203-1379-3e21-a11b-84b80e7a84ff','emhiuuu','parent set diamond'),(6,1717434372,'00000000-0000-0000-0000-000000000000','Console','U','31f8c203-1379-3e21-a11b-84b80e7a84ff','emhiuuu','permission set rank.muadiamond true'),(7,1717487213,'00000000-0000-0000-0000-000000000000','Console','U','9e69a7e0-5fcd-3b8b-8c7f-847ba30156d2','antrc2','permission set * true'),(8,1717600918,'00000000-0000-0000-0000-000000000000','Console','U','9e69a7e0-5fcd-3b8b-8c7f-847ba30156d2','antrc2','permission settemp pet.zombie true 1m'),(9,1717619197,'bd11ee7e-47b8-3467-9d39-dc64ab286b5a','anobaria','G','null','default','webeditor add shopclass true'),(10,1717674974,'00000000-0000-0000-0000-000000000000','Console','G','null','default','webeditor add essentials.repair true'),(11,1717675029,'00000000-0000-0000-0000-000000000000','Console','G','null','default','webeditor remove essentials.repair true'),(12,1717682414,'9e69a7e0-5fcd-3b8b-8c7f-847ba30156d2','AnTrc2','U','9e69a7e0-5fcd-3b8b-8c7f-847ba30156d2','antrc2','permission set * false'),(13,1717682612,'00000000-0000-0000-0000-000000000000','Console','U','9e69a7e0-5fcd-3b8b-8c7f-847ba30156d2','antrc2','permission set * true'),(14,1717682733,'00000000-0000-0000-0000-000000000000','Console','U','9e69a7e0-5fcd-3b8b-8c7f-847ba30156d2','antrc2','permission set * false'),(15,1717684711,'00000000-0000-0000-0000-000000000000','Console','G','null','default','webeditor add essentials.sethome true'),(16,1717684966,'00000000-0000-0000-0000-000000000000','Console','G','null','default','webeditor add pvpmanager.user true'),(17,1717685742,'00000000-0000-0000-0000-000000000000','Console','U','9e69a7e0-5fcd-3b8b-8c7f-847ba30156d2','antrc2','permission set * true'),(18,1717686791,'31f8c203-1379-3e21-a11b-84b80e7a84ff','EmHiuuu','G','null','default','webeditor add essentials.home true'),(19,1717687410,'31f8c203-1379-3e21-a11b-84b80e7a84ff','EmHiuuu','G','null','default','webeditor add essentials.msg true'),(20,1717688621,'bd11ee7e-47b8-3467-9d39-dc64ab286b5a','anobaria','G','null','default','webeditor add essentials.nick true'),(21,1717697435,'31f8c203-1379-3e21-a11b-84b80e7a84ff','EmHiuuu','G','null','youtube','webeditor add group.diamond true'),(22,1717697435,'31f8c203-1379-3e21-a11b-84b80e7a84ff','EmHiuuu','U','31f8c203-1379-3e21-a11b-84b80e7a84ff','emhiuuu','webeditor remove group.diamond true'),(23,1717697435,'31f8c203-1379-3e21-a11b-84b80e7a84ff','EmHiuuu','U','31f8c203-1379-3e21-a11b-84b80e7a84ff','emhiuuu','webeditor remove rank.muadiamond true'),(24,1717697435,'31f8c203-1379-3e21-a11b-84b80e7a84ff','EmHiuuu','U','31f8c203-1379-3e21-a11b-84b80e7a84ff','emhiuuu','webeditor add group.youtube true'),(25,1717698131,'31f8c203-1379-3e21-a11b-84b80e7a84ff','EmHiuuu','U','31f8c203-1379-3e21-a11b-84b80e7a84ff','emhiuuu','permission set essentials.repair true'),(26,1717699310,'00000000-0000-0000-0000-000000000000','Console','G','null','default','webeditor add essentials.tpdeny true'),(27,1717700666,'bd11ee7e-47b8-3467-9d39-dc64ab286b5a','anobaria','G','null','default','webeditor add essentials.sethome.multiple.default true'),(28,1717700753,'bd11ee7e-47b8-3467-9d39-dc64ab286b5a','anobaria','G','null','default','webeditor add essentials.delhome true'),(29,1717701368,'bd11ee7e-47b8-3467-9d39-dc64ab286b5a','anobaria','U','bd11ee7e-47b8-3467-9d39-dc64ab286b5a','anobaria','permission set mcpet.healing_flower true'),(30,1717701371,'bd11ee7e-47b8-3467-9d39-dc64ab286b5a','anobaria','U','bd11ee7e-47b8-3467-9d39-dc64ab286b5a','anobaria','permission set mcpet.healing_flower false'),(31,1717722979,'00000000-0000-0000-0009-01f4204ccc33','Admin6136','U','00000000-0000-0000-0009-01f4204ccc33','admin6136','parent set admin'),(32,1717723098,'00000000-0000-0000-0009-01f4204ccc33','Admin6136','U','00000000-0000-0000-0009-01f4204ccc33','admin6136','parent set diamond'),(33,1717723138,'00000000-0000-0000-0009-01f4204ccc33','Admin6136','U','00000000-0000-0000-0009-01f4204ccc33','admin6136','parent set vang'),(34,1717723164,'00000000-0000-0000-0009-01f4204ccc33','Admin6136','U','00000000-0000-0000-0009-01f4204ccc33','admin6136','parent set coal'),(35,1717723185,'00000000-0000-0000-0009-01f4204ccc33','Admin6136','U','00000000-0000-0000-0009-01f4204ccc33','admin6136','parent set vip'),(36,1717723201,'00000000-0000-0000-0009-01f4204ccc33','Admin6136','U','00000000-0000-0000-0009-01f4204ccc33','admin6136','parent set vipplus'),(37,1717723230,'00000000-0000-0000-0009-01f4204ccc33','Admin6136','U','00000000-0000-0000-0009-01f4204ccc33','admin6136','parent set sat'),(38,1717723290,'00000000-0000-0000-0009-01f4204ccc33','Admin6136','U','00000000-0000-0000-0009-01f4204ccc33','admin6136','parent set lazuli'),(39,1717723329,'00000000-0000-0000-0009-01f4204ccc33','Admin6136','U','00000000-0000-0000-0009-01f4204ccc33','admin6136','parent set emerald'),(40,1717725725,'00000000-0000-0000-0000-000000000000','Console','G','null','admin','webeditor remove prefix.10.&r&r &f true'),(41,1717725725,'00000000-0000-0000-0000-000000000000','Console','G','null','admin','webeditor add prefix.15.&r&r &f true'),(42,1717725725,'00000000-0000-0000-0000-000000000000','Console','G','null','sat','webeditor add prefix.3.&r &r &f true'),(43,1717725725,'00000000-0000-0000-0000-000000000000','Console','G','null','sat','webeditor remove prefix.3.&r &r &f true'),(44,1717725725,'00000000-0000-0000-0000-000000000000','Console','G','null','coal','webeditor add prefix.1.&f &f &f true'),(45,1717725725,'00000000-0000-0000-0000-000000000000','Console','G','null','coal','webeditor remove prefix.1.&8&l〖Than〗 &f true'),(46,1717725726,'00000000-0000-0000-0000-000000000000','Console','G','null','default','webeditor remove prefix.0.&a&l〖Member〗 &f true'),(47,1717725726,'00000000-0000-0000-0000-000000000000','Console','G','null','default','webeditor add prefix.0.&f &f &f true'),(48,1717743303,'00000000-0000-0000-0009-01f4204ccc33','Admin6136','U','00000000-0000-0000-0009-01f4204ccc33','admin6136','parent set admin'),(49,1717743328,'00000000-0000-0000-0009-01f4204ccc33','Admin6136','U','00000000-0000-0000-0009-01f4204ccc33','admin6136','parent set sat'),(50,1717754886,'31f8c203-1379-3e21-a11b-84b80e7a84ff','EmHiuuu','G','null','coal','webeditor add essentials.pay true'),(51,1717766638,'00000000-0000-0000-0000-000000000000','Console','U','11e912d0-77d3-320f-9373-887f746f6f28','lulibune','permission set rank.coal true'),(52,1717766639,'00000000-0000-0000-0000-000000000000','Console','U','11e912d0-77d3-320f-9373-887f746f6f28','lulibune','permission set rank.rank true'),(53,1717766640,'00000000-0000-0000-0000-000000000000','Console','U','11e912d0-77d3-320f-9373-887f746f6f28','lulibune','permission set rank.lapis true'),(54,1717766641,'00000000-0000-0000-0000-000000000000','Console','U','11e912d0-77d3-320f-9373-887f746f6f28','lulibune','permission set rank.iron true'),(55,1717766641,'00000000-0000-0000-0000-000000000000','Console','U','11e912d0-77d3-320f-9373-887f746f6f28','lulibune','permission set rank.gold true'),(56,1717766643,'00000000-0000-0000-0000-000000000000','Console','U','11e912d0-77d3-320f-9373-887f746f6f28','lulibune','permission set rank.emerald true'),(57,1717766643,'00000000-0000-0000-0000-000000000000','Console','U','11e912d0-77d3-320f-9373-887f746f6f28','lulibune','permission set rank.diamond true'),(58,1717829429,'31f8c203-1379-3e21-a11b-84b80e7a84ff','EmHiuuu','U','31f8c203-1379-3e21-a11b-84b80e7a84ff','emhiuuu','webeditor add group.default true'),(59,1717829429,'31f8c203-1379-3e21-a11b-84b80e7a84ff','EmHiuuu','U','31f8c203-1379-3e21-a11b-84b80e7a84ff','emhiuuu','webeditor remove group.youtube true'),(60,1717836392,'31f8c203-1379-3e21-a11b-84b80e7a84ff','EmHiuuu','U','31f8c203-1379-3e21-a11b-84b80e7a84ff','emhiuuu','permission set mmoitems.admin true'),(61,1717838308,'31f8c203-1379-3e21-a11b-84b80e7a84ff','EmHiuuu','G','null','default','webeditor add essentials.paytoggle true'),(62,1717838308,'31f8c203-1379-3e21-a11b-84b80e7a84ff','EmHiuuu','G','null','default','webeditor add essentials.payconfirmtoggle true'),(63,1717839669,'31f8c203-1379-3e21-a11b-84b80e7a84ff','EmHiuuu','G','null','default','webeditor remove essentials.pay true'),(64,1717839692,'31f8c203-1379-3e21-a11b-84b80e7a84ff','EmHiuuu','G','null','default','webeditor add essentials.paytoggle.others true'),(65,1717839692,'31f8c203-1379-3e21-a11b-84b80e7a84ff','EmHiuuu','G','null','default','webeditor add essentials.pay true'),(66,1717839996,'31f8c203-1379-3e21-a11b-84b80e7a84ff','EmHiuuu','U','1150b0c2-e6fa-3813-8ecd-46a223122c5b','xlongismynamex','webeditor add essentials.pay true'),(67,1717840074,'31f8c203-1379-3e21-a11b-84b80e7a84ff','EmHiuuu','U','1150b0c2-e6fa-3813-8ecd-46a223122c5b','xlongismynamex','webeditor remove essentials.pay true'),(68,1717840108,'31f8c203-1379-3e21-a11b-84b80e7a84ff','EmHiuuu','G','null','default','webeditor add pay true'),(69,1717853891,'bd11ee7e-47b8-3467-9d39-dc64ab286b5a','anobaria','G','null','default','webeditor remove essentials.payconfirmtoggle true'),(70,1717853891,'bd11ee7e-47b8-3467-9d39-dc64ab286b5a','anobaria','G','null','default','webeditor remove essentials.paytoggle true'),(71,1717853989,'bd11ee7e-47b8-3467-9d39-dc64ab286b5a','anobaria','G','null','default','webeditor remove essentials.pay true'),(72,1717854121,'bd11ee7e-47b8-3467-9d39-dc64ab286b5a','anobaria','G','null','default','webeditor add coinsengine.command.currency.payments true'),(73,1717854121,'bd11ee7e-47b8-3467-9d39-dc64ab286b5a','anobaria','G','null','default','webeditor add coinsengine.command.currency.send true'),(74,1717854121,'bd11ee7e-47b8-3467-9d39-dc64ab286b5a','anobaria','G','null','default','webeditor add coinsengine true'),(75,1717869342,'00000000-0000-0000-0009-01f4204ccc33','Admin6136','U','00000000-0000-0000-0009-01f4204ccc33','admin6136','parent set diamond'),(76,1717950947,'bd11ee7e-47b8-3467-9d39-dc64ab286b5a','anobaria','U','bd11ee7e-47b8-3467-9d39-dc64ab286b5a','anobaria','parent set builder'),(77,1717950962,'bd11ee7e-47b8-3467-9d39-dc64ab286b5a','anobaria','U','bd11ee7e-47b8-3467-9d39-dc64ab286b5a','anobaria','parent set lazuli'),(78,1717950973,'bd11ee7e-47b8-3467-9d39-dc64ab286b5a','anobaria','U','bd11ee7e-47b8-3467-9d39-dc64ab286b5a','anobaria','parent set moderator'),(79,1717951140,'00000000-0000-0000-0000-000000000000','Console','G','null','default','webeditor remove essentials.sell true'),(80,1717963430,'bd11ee7e-47b8-3467-9d39-dc64ab286b5a','anobaria','U','bd11ee7e-47b8-3467-9d39-dc64ab286b5a','anobaria','parent set supporter'),(81,1717963526,'bd11ee7e-47b8-3467-9d39-dc64ab286b5a','anobaria','U','bd11ee7e-47b8-3467-9d39-dc64ab286b5a','anobaria','parent set admin'),(82,1717963535,'bd11ee7e-47b8-3467-9d39-dc64ab286b5a','anobaria','U','bd11ee7e-47b8-3467-9d39-dc64ab286b5a','anobaria','parent set developer'),(83,1717963542,'bd11ee7e-47b8-3467-9d39-dc64ab286b5a','anobaria','U','bd11ee7e-47b8-3467-9d39-dc64ab286b5a','anobaria','parent set vip'),(84,1718031365,'31f8c203-1379-3e21-a11b-84b80e7a84ff','EmHiuuu','U','31f8c203-1379-3e21-a11b-84b80e7a84ff','emhiuuu','webeditor add group.youtube true'),(85,1718080633,'bd11ee7e-47b8-3467-9d39-dc64ab286b5a','anobaria','U','bd11ee7e-47b8-3467-9d39-dc64ab286b5a','anobaria','parent set lazuli'),(86,1718092194,'00000000-0000-0000-0000-000000000000','Console','G','null','default','webeditor remove essentials.setspawn true'),(87,1718095903,'a4f6122a-76d3-35ae-ba83-dab662ab0f7c','Khoa1117','U','a4f6122a-76d3-35ae-ba83-dab662ab0f7c','khoa1117','parent set developer'),(88,1718095928,'bd11ee7e-47b8-3467-9d39-dc64ab286b5a','anobaria','U','bd11ee7e-47b8-3467-9d39-dc64ab286b5a','anobaria','parent set lazuli'),(89,1718095935,'bd11ee7e-47b8-3467-9d39-dc64ab286b5a','anobaria','U','bd11ee7e-47b8-3467-9d39-dc64ab286b5a','anobaria','parent set vip'),(90,1718095952,'a4f6122a-76d3-35ae-ba83-dab662ab0f7c','Khoa1117','U','a4f6122a-76d3-35ae-ba83-dab662ab0f7c','khoa1117','parent set emerald'),(91,1718097861,'00000000-0000-0000-0000-000000000000','Console','U','755b818f-517c-3948-ac0a-b843e15afd58','paintown','permission set rank.coal true'),(92,1718097861,'00000000-0000-0000-0000-000000000000','Console','U','755b818f-517c-3948-ac0a-b843e15afd58','paintown','permission set rank.rank true'),(93,1718097862,'00000000-0000-0000-0000-000000000000','Console','U','755b818f-517c-3948-ac0a-b843e15afd58','paintown','permission set rank.lapis true'),(94,1718097862,'00000000-0000-0000-0000-000000000000','Console','U','755b818f-517c-3948-ac0a-b843e15afd58','paintown','permission set rank.iron true'),(95,1718097862,'00000000-0000-0000-0000-000000000000','Console','U','755b818f-517c-3948-ac0a-b843e15afd58','paintown','permission set rank.gold true'),(96,1718097863,'00000000-0000-0000-0000-000000000000','Console','U','755b818f-517c-3948-ac0a-b843e15afd58','paintown','permission set rank.emerald true'),(97,1718097863,'00000000-0000-0000-0000-000000000000','Console','U','755b818f-517c-3948-ac0a-b843e15afd58','paintown','permission set rank.diamond true'),(98,1718097906,'00000000-0000-0000-0000-000000000000','Console','G','null','default','webeditor add gamerule true'),(99,1718097906,'00000000-0000-0000-0000-000000000000','Console','G','null','default','webeditor add doTilesDrop true'),(100,1718098043,'bd11ee7e-47b8-3467-9d39-dc64ab286b5a','anobaria','G','null','default','permission set modifyworld.place true'),(101,1718098453,'bd11ee7e-47b8-3467-9d39-dc64ab286b5a','anobaria','G','null','default','permission set minecraft.break_block true'),(102,1718111768,'31f8c203-1379-3e21-a11b-84b80e7a84ff','EmHiuuu','U','31f8c203-1379-3e21-a11b-84b80e7a84ff','emhiuuu','webeditor add group.supporter true'),(103,1718111768,'31f8c203-1379-3e21-a11b-84b80e7a84ff','EmHiuuu','U','31f8c203-1379-3e21-a11b-84b80e7a84ff','emhiuuu','webeditor remove group.youtube true'),(104,1718115377,'31f8c203-1379-3e21-a11b-84b80e7a84ff','EmHiuuu','U','31f8c203-1379-3e21-a11b-84b80e7a84ff','emhiuuu','webeditor add group.vipplus true'),(105,1718115377,'31f8c203-1379-3e21-a11b-84b80e7a84ff','EmHiuuu','U','31f8c203-1379-3e21-a11b-84b80e7a84ff','emhiuuu','webeditor remove group.supporter true'),(106,1718121307,'00000000-0000-0000-0000-000000000000','Console','G','null','default','webeditor add economyshopgui.sellgui.all false'),(107,1718121307,'00000000-0000-0000-0000-000000000000','Console','G','null','default','webeditor add economyshopgui.sellgui false'),(108,1718178717,'bd11ee7e-47b8-3467-9d39-dc64ab286b5a','anobaria','G','null','default','webeditor add economyshopgui.sellgui.spawners true'),(109,1718178718,'bd11ee7e-47b8-3467-9d39-dc64ab286b5a','anobaria','G','null','default','webeditor add economyshopgui.sellgui.mobs true'),(110,1718178718,'bd11ee7e-47b8-3467-9d39-dc64ab286b5a','anobaria','G','null','default','webeditor add economyshopgui.sellgui.dyes true'),(111,1718178718,'bd11ee7e-47b8-3467-9d39-dc64ab286b5a','anobaria','G','null','default','webeditor add economyshopgui.sellgui.enchanting true'),(112,1718178718,'bd11ee7e-47b8-3467-9d39-dc64ab286b5a','anobaria','G','null','default','webeditor add economyshopgui.sellgui.music true'),(113,1718178718,'bd11ee7e-47b8-3467-9d39-dc64ab286b5a','anobaria','G','null','default','webeditor add economyshopgui.sellgui.farming true'),(114,1718178718,'bd11ee7e-47b8-3467-9d39-dc64ab286b5a','anobaria','G','null','default','webeditor add economyshopgui.sellgui.miscellaneous true'),(115,1718178718,'bd11ee7e-47b8-3467-9d39-dc64ab286b5a','anobaria','G','null','default','webeditor add economyshopgui.sellgui.decoration true'),(116,1718178718,'bd11ee7e-47b8-3467-9d39-dc64ab286b5a','anobaria','G','null','default','webeditor add economyshopgui.sellgui.workstations true'),(117,1718178718,'bd11ee7e-47b8-3467-9d39-dc64ab286b5a','anobaria','G','null','default','webeditor add economyshopgui.sellgui.all true'),(118,1718178718,'bd11ee7e-47b8-3467-9d39-dc64ab286b5a','anobaria','G','null','default','webeditor add economyshopgui.sellgui.redstone true'),(119,1718178718,'bd11ee7e-47b8-3467-9d39-dc64ab286b5a','anobaria','G','null','default','webeditor add economyshopgui.sellgui.ores true'),(120,1718178718,'bd11ee7e-47b8-3467-9d39-dc64ab286b5a','anobaria','G','null','default','webeditor add economyshopgui.sellgui.food true'),(121,1718178718,'bd11ee7e-47b8-3467-9d39-dc64ab286b5a','anobaria','G','null','default','webeditor add economyshopgui.sellgui.blocks true'),(122,1718178718,'bd11ee7e-47b8-3467-9d39-dc64ab286b5a','anobaria','G','null','default','webeditor remove economyshopgui.sellgui.all false'),(123,1718178718,'bd11ee7e-47b8-3467-9d39-dc64ab286b5a','anobaria','G','null','default','webeditor add economyshopgui.sellgui.potions true'),(124,1718178810,'bd11ee7e-47b8-3467-9d39-dc64ab286b5a','anobaria','G','null','default','webeditor add economyshopgui.sellallitem false'),(125,1718178810,'bd11ee7e-47b8-3467-9d39-dc64ab286b5a','anobaria','G','null','default','webeditor add economyshopgui.sellgui.redstone false'),(126,1718178810,'bd11ee7e-47b8-3467-9d39-dc64ab286b5a','anobaria','G','null','default','webeditor add economyshopgui.sellall false'),(127,1718178810,'bd11ee7e-47b8-3467-9d39-dc64ab286b5a','anobaria','G','null','default','webeditor add economyshopgui.sellgui.mobs false'),(128,1718178810,'bd11ee7e-47b8-3467-9d39-dc64ab286b5a','anobaria','G','null','default','webeditor add economyshopgui.sellgui.blocks false'),(129,1718178810,'bd11ee7e-47b8-3467-9d39-dc64ab286b5a','anobaria','G','null','default','webeditor add economyshopgui.sellgui.decoration false'),(130,1718178810,'bd11ee7e-47b8-3467-9d39-dc64ab286b5a','anobaria','G','null','default','webeditor add economyshopgui.sellgui.workstations false'),(131,1718178810,'bd11ee7e-47b8-3467-9d39-dc64ab286b5a','anobaria','G','null','default','webeditor add economyshopgui.sellgui.dyes false'),(132,1718178810,'bd11ee7e-47b8-3467-9d39-dc64ab286b5a','anobaria','G','null','default','webeditor add economyshopgui.sellgui.all false'),(133,1718178810,'bd11ee7e-47b8-3467-9d39-dc64ab286b5a','anobaria','G','null','default','webeditor add economyshopgui.sellgui.enchanting false'),(134,1718178810,'bd11ee7e-47b8-3467-9d39-dc64ab286b5a','anobaria','G','null','default','webeditor add economyshopgui.sellgui.food false'),(135,1718178810,'bd11ee7e-47b8-3467-9d39-dc64ab286b5a','anobaria','G','null','default','webeditor add economyshopgui.sellgui.ores false'),(136,1718178810,'bd11ee7e-47b8-3467-9d39-dc64ab286b5a','anobaria','G','null','default','webeditor add economyshopgui.sellgui.miscellaneous false'),(137,1718178810,'bd11ee7e-47b8-3467-9d39-dc64ab286b5a','anobaria','G','null','default','webeditor add economyshopgui.sellgui.potions false'),(138,1718178810,'bd11ee7e-47b8-3467-9d39-dc64ab286b5a','anobaria','G','null','default','webeditor add economyshopgui.sellgui.farming false'),(139,1718178810,'bd11ee7e-47b8-3467-9d39-dc64ab286b5a','anobaria','G','null','default','webeditor remove economyshopgui.sellall true'),(140,1718178810,'bd11ee7e-47b8-3467-9d39-dc64ab286b5a','anobaria','G','null','default','webeditor add economyshopgui.sellgui.spawners false'),(141,1718178810,'bd11ee7e-47b8-3467-9d39-dc64ab286b5a','anobaria','G','null','default','webeditor remove economyshopgui.sellgui.redstone true'),(142,1718178810,'bd11ee7e-47b8-3467-9d39-dc64ab286b5a','anobaria','G','null','default','webeditor remove economyshopgui.sellallitem true'),(143,1718178810,'bd11ee7e-47b8-3467-9d39-dc64ab286b5a','anobaria','G','null','default','webeditor remove economyshopgui.sellgui.mobs true'),(144,1718178810,'bd11ee7e-47b8-3467-9d39-dc64ab286b5a','anobaria','G','null','default','webeditor add economyshopgui.sellgui.music false'),(145,1718178810,'bd11ee7e-47b8-3467-9d39-dc64ab286b5a','anobaria','G','null','default','webeditor remove economyshopgui.sellgui.blocks true'),(146,1718178810,'bd11ee7e-47b8-3467-9d39-dc64ab286b5a','anobaria','G','null','default','webeditor remove economyshopgui.sellgui.music true'),(147,1718178810,'bd11ee7e-47b8-3467-9d39-dc64ab286b5a','anobaria','G','null','default','webeditor remove economyshopgui.sellgui.decoration true'),(148,1718178810,'bd11ee7e-47b8-3467-9d39-dc64ab286b5a','anobaria','G','null','default','webeditor remove economyshopgui.sellgui.workstations true'),(149,1718178810,'bd11ee7e-47b8-3467-9d39-dc64ab286b5a','anobaria','G','null','default','webeditor remove economyshopgui.sellgui.all true'),(150,1718178810,'bd11ee7e-47b8-3467-9d39-dc64ab286b5a','anobaria','G','null','default','webeditor remove economyshopgui.sellgui.enchanting true'),(151,1718178810,'bd11ee7e-47b8-3467-9d39-dc64ab286b5a','anobaria','G','null','default','webeditor remove economyshopgui.sellgui.food true'),(152,1718178810,'bd11ee7e-47b8-3467-9d39-dc64ab286b5a','anobaria','G','null','default','webeditor remove economyshopgui.sellgui.ores true'),(153,1718178810,'bd11ee7e-47b8-3467-9d39-dc64ab286b5a','anobaria','G','null','default','webeditor remove economyshopgui.sellgui.miscellaneous true'),(154,1718178810,'bd11ee7e-47b8-3467-9d39-dc64ab286b5a','anobaria','G','null','default','webeditor remove economyshopgui.sellgui.potions true'),(155,1718178810,'bd11ee7e-47b8-3467-9d39-dc64ab286b5a','anobaria','G','null','default','webeditor remove economyshopgui.sellgui.farming true'),(156,1718178810,'bd11ee7e-47b8-3467-9d39-dc64ab286b5a','anobaria','G','null','default','webeditor remove economyshopgui.sellgui.spawners true'),(157,1718178810,'bd11ee7e-47b8-3467-9d39-dc64ab286b5a','anobaria','G','null','default','webeditor remove economyshopgui.sellgui.dyes true'),(158,1718178903,'bd11ee7e-47b8-3467-9d39-dc64ab286b5a','anobaria','G','null','default','webeditor add economyshopgui.sellall.all false'),(159,1718214612,'00000000-0000-0000-0000-000000000000','Console','U','00000000-0000-0000-0009-01f1a4455ecb','meow2k9','webeditor add economyshopgui.shop false'),(160,1718214613,'00000000-0000-0000-0000-000000000000','Console','U','1150b0c2-e6fa-3813-8ecd-46a223122c5b','xlongismynamex','webeditor add economyshopgui.shop false'),(161,1718222885,'bd11ee7e-47b8-3467-9d39-dc64ab286b5a','anobaria','U','bd11ee7e-47b8-3467-9d39-dc64ab286b5a','anobaria','parent set sat'),(162,1718244307,'00000000-0000-0000-0000-000000000000','Console','U','9e69a7e0-5fcd-3b8b-8c7f-847ba30156d2','antrc2','parent set sat server=true'),(163,1718244379,'00000000-0000-0000-0000-000000000000','Console','U','9e69a7e0-5fcd-3b8b-8c7f-847ba30156d2','antrc2','parent set sat server=true'),(164,1718246729,'00000000-0000-0000-0000-000000000000','Console','U','ab949bab-8aab-3eea-9c8f-b9b1b6961153','meiko','permission set rank.coal true'),(165,1718246729,'00000000-0000-0000-0000-000000000000','Console','U','ab949bab-8aab-3eea-9c8f-b9b1b6961153','meiko','permission set rank.rank true'),(166,1718246730,'00000000-0000-0000-0000-000000000000','Console','U','ab949bab-8aab-3eea-9c8f-b9b1b6961153','meiko','permission set rank.lapis true'),(167,1718246730,'00000000-0000-0000-0000-000000000000','Console','U','ab949bab-8aab-3eea-9c8f-b9b1b6961153','meiko','permission set rank.iron true'),(168,1718246730,'00000000-0000-0000-0000-000000000000','Console','U','ab949bab-8aab-3eea-9c8f-b9b1b6961153','meiko','permission set rank.gold true'),(169,1718246731,'00000000-0000-0000-0000-000000000000','Console','U','ab949bab-8aab-3eea-9c8f-b9b1b6961153','meiko','permission set rank.emerald true'),(170,1718246731,'00000000-0000-0000-0000-000000000000','Console','U','ab949bab-8aab-3eea-9c8f-b9b1b6961153','meiko','permission set rank.diamond true'),(171,1718265412,'00000000-0000-0000-0000-000000000000','Console','U','9e69a7e0-5fcd-3b8b-8c7f-847ba30156d2','antrc2','parent addtemp vang 4w 1d 23h 59m 59s server=true'),(172,1718446461,'00000000-0000-0000-0000-000000000000','Console','U','bd11ee7e-47b8-3467-9d39-dc64ab286b5a','anobaria','parent addtemp sat 4w 2d server=true'),(173,1718446470,'00000000-0000-0000-0000-000000000000','Console','U','bd11ee7e-47b8-3467-9d39-dc64ab286b5a','anobaria','parent addtemp vang 4w 2d server=true'),(174,1718446489,'bd11ee7e-47b8-3467-9d39-dc64ab286b5a','anobaria','U','bd11ee7e-47b8-3467-9d39-dc64ab286b5a','anobaria','parent set vang'),(175,1718446574,'00000000-0000-0000-0000-000000000000','Console','U','bd11ee7e-47b8-3467-9d39-dc64ab286b5a','anobaria','parent addtemp diamond 4w 2d server=true'),(176,1718447103,'9e69a7e0-5fcd-3b8b-8c7f-847ba30156d2','AnTrc2','U','9e69a7e0-5fcd-3b8b-8c7f-847ba30156d2','antrc2','parent addtemp sat 4w 2d server=true'),(177,1718447142,'9e69a7e0-5fcd-3b8b-8c7f-847ba30156d2','AnTrc2','U','9e69a7e0-5fcd-3b8b-8c7f-847ba30156d2','antrc2','parent set sat server=true'),(178,1718447253,'bd11ee7e-47b8-3467-9d39-dc64ab286b5a','anobaria','U','bd11ee7e-47b8-3467-9d39-dc64ab286b5a','anobaria','parent set sat'),(179,1718447261,'bd11ee7e-47b8-3467-9d39-dc64ab286b5a','anobaria','U','9e69a7e0-5fcd-3b8b-8c7f-847ba30156d2','antrc2','parent set sat'),(180,1718447271,'bd11ee7e-47b8-3467-9d39-dc64ab286b5a','anobaria','U','9e69a7e0-5fcd-3b8b-8c7f-847ba30156d2','antrc2','parent set vang'),(181,1718447319,'9e69a7e0-5fcd-3b8b-8c7f-847ba30156d2','AnTrc2','U','9e69a7e0-5fcd-3b8b-8c7f-847ba30156d2','antrc2','parent set sat'),(182,1718447348,'9e69a7e0-5fcd-3b8b-8c7f-847ba30156d2','AnTrc2','U','9e69a7e0-5fcd-3b8b-8c7f-847ba30156d2','antrc2','parent addtemp vang 4w 2d'),(183,1718447416,'9e69a7e0-5fcd-3b8b-8c7f-847ba30156d2','AnTrc2','U','bd11ee7e-47b8-3467-9d39-dc64ab286b5a','anobaria','parent set default'),(184,1718447475,'9e69a7e0-5fcd-3b8b-8c7f-847ba30156d2','AnTrc2','U','9e69a7e0-5fcd-3b8b-8c7f-847ba30156d2','antrc2','webeditor add group.default true'),(185,1718447475,'9e69a7e0-5fcd-3b8b-8c7f-847ba30156d2','AnTrc2','U','9e69a7e0-5fcd-3b8b-8c7f-847ba30156d2','antrc2','webeditor remove group.sat true server=true'),(186,1718447475,'9e69a7e0-5fcd-3b8b-8c7f-847ba30156d2','AnTrc2','U','9e69a7e0-5fcd-3b8b-8c7f-847ba30156d2','antrc2','webeditor remove group.vang true'),(187,1718447475,'9e69a7e0-5fcd-3b8b-8c7f-847ba30156d2','AnTrc2','U','9e69a7e0-5fcd-3b8b-8c7f-847ba30156d2','antrc2','webeditor remove group.sat true'),(188,1718447490,'00000000-0000-0000-0000-000000000000','Console','U','9e69a7e0-5fcd-3b8b-8c7f-847ba30156d2','antrc2','parent addtemp vang 4w 2d'),(189,1718447519,'00000000-0000-0000-0000-000000000000','Console','U','9e69a7e0-5fcd-3b8b-8c7f-847ba30156d2','antrc2','parent addtemp diamond 4w 2d'),(190,1718640427,'31f8c203-1379-3e21-a11b-84b80e7a84ff','EmHiuuu','G','null','moderator','webeditor add group.moderator true'),(191,1718640427,'31f8c203-1379-3e21-a11b-84b80e7a84ff','EmHiuuu','G','null','moderator','webeditor remove group.admin true'),(192,1718687845,'00000000-0000-0000-0000-000000000000','Console','U','00000000-0000-0000-0009-01f1a4455ecb','meow2k9','webeditor remove economyshopgui.shop false');
/*!40000 ALTER TABLE `luckperms_actions` ENABLE KEYS */;
UNLOCK TABLES;

--
-- Table structure for table `luckperms_group_permissions`
--

DROP TABLE IF EXISTS `luckperms_group_permissions`;
/*!40101 SET @saved_cs_client     = @@character_set_client */;
/*!50503 SET character_set_client = utf8mb4 */;
CREATE TABLE `luckperms_group_permissions` (
  `id` int NOT NULL AUTO_INCREMENT,
  `name` varchar(36) NOT NULL,
  `permission` varchar(200) NOT NULL,
  `value` tinyint(1) NOT NULL,
  `server` varchar(36) NOT NULL,
  `world` varchar(64) NOT NULL,
  `expiry` bigint NOT NULL,
  `contexts` varchar(200) NOT NULL,
  PRIMARY KEY (`id`),
  KEY `luckperms_group_permissions_name` (`name`)
) ENGINE=InnoDB AUTO_INCREMENT=427 DEFAULT CHARSET=utf8mb4 COLLATE=utf8mb4_0900_ai_ci;
/*!40101 SET character_set_client = @saved_cs_client */;

--
-- Dumping data for table `luckperms_group_permissions`
--

LOCK TABLES `luckperms_group_permissions` WRITE;
/*!40000 ALTER TABLE `luckperms_group_permissions` DISABLE KEYS */;
INSERT INTO `luckperms_group_permissions` VALUES (181,'vipplus','group.vip',1,'global','global',0,'{}'),(182,'vipplus','displayname.vipplus',1,'global','global',0,'{}'),(183,'vipplus','weight.9',1,'global','global',0,'{}'),(184,'vipplus','prefix.9.&r &r &f',1,'global','global',0,'{}'),(185,'vip','displayname.vip',1,'global','global',0,'{}'),(186,'vip','prefix.8.&r &r &f',1,'global','global',0,'{}'),(187,'vip','weight.8',1,'global','global',0,'{}'),(188,'vip','group.diamond',1,'global','global',0,'{}'),(189,'coal','essentials.enderchest',1,'global','global',0,'{}'),(190,'coal','economyshopgui.sellallhand.all',1,'global','global',0,'{}'),(191,'coal','essentials.hat',1,'global','global',0,'{}'),(192,'coal','group.default',1,'global','global',0,'{}'),(193,'coal','GSit.Sit',1,'global','global',0,'{}'),(194,'coal','weight.1',1,'global','global',0,'{}'),(195,'coal','displayname.coal',1,'global','global',0,'{}'),(196,'coal','essentials.near',1,'global','global',0,'{}'),(197,'coal','playervaults.amount.2',1,'global','global',0,'{}'),(199,'developer','displayname.developer ',1,'global','global',0,'{}'),(200,'developer','weight.12',1,'global','global',0,'{}'),(201,'developer','group.admin',1,'global','global',0,'{}'),(202,'developer','prefix.12.&r &r &f',1,'global','global',0,'{}'),(203,'admin','spawnermeta.command.shop',1,'global','global',0,'{}'),(204,'admin','weight.15',1,'global','global',0,'{}'),(205,'admin','group.police',1,'global','global',0,'{}'),(206,'admin','*',1,'global','global',0,'{}'),(207,'admin','displayname.admin',1,'global','global',0,'{}'),(209,'moderator','displayname.Moderator ',1,'global','global',0,'{}'),(210,'moderator','prefix.11.&r &r &f',1,'global','global',0,'{}'),(212,'moderator','weight.13',1,'global','global',0,'{}'),(213,'supporter','displayname.supporter',1,'global','global',0,'{}'),(214,'supporter','group.default',1,'global','global',0,'{}'),(215,'supporter','weight.10',1,'global','global',0,'{}'),(216,'supporter','prefix.10.&r &r &f',1,'global','global',0,'{}'),(217,'default','zauctionhouse.use',1,'global','global',0,'{}'),(218,'default','ah',1,'global','global',0,'{}'),(220,'default','uclans.player',1,'global','global',0,'{}'),(221,'default','uclans.player.home',1,'global','global',0,'{}'),(222,'default','class',1,'global','global',0,'{}'),(223,'default','essentials.tpa',1,'global','global',0,'{}'),(224,'default','warrior',0,'global','global',0,'{}'),(225,'default','martial_artist',0,'global','global',0,'{}'),(226,'default','uclans.player.war.bypass',1,'global','global',0,'{}'),(227,'default','betterrtp.world.world',1,'global','global',0,'{}'),(228,'default','mmocore.class-select',1,'global','global',0,'{}'),(229,'default','uclans.player.leave',1,'global','global',0,'{}'),(230,'default','uclans.player.member',1,'global','global',0,'{}'),(231,'default','uclans.player.info',1,'global','global',0,'{}'),(232,'default','uclans.player.chat',1,'global','global',0,'{}'),(233,'default','gunner',0,'global','global',0,'{}'),(234,'default','uclans.player.role',1,'global','global',0,'{}'),(235,'default','uclans.bypass_region',1,'global','global',0,'{}'),(236,'default','essentials.tpall',1,'global','global',0,'{}'),(237,'default','cleric',0,'global','global',0,'{}'),(238,'default','druid',0,'global','global',0,'{}'),(239,'default','uclans.player.discord',1,'global','global',0,'{}'),(240,'default','uclans.player.cancel',1,'global','global',0,'{}'),(241,'default','essentials.tpaall',1,'global','global',0,'{}'),(242,'default','essentials.tphere',1,'global','global',0,'{}'),(243,'default','uclans.player.unban',1,'global','global',0,'{}'),(244,'default','ninja_samurai',0,'global','global',0,'{}'),(245,'default','assassin',0,'global','global',0,'{}'),(246,'default','uclans.player.chest',1,'global','global',0,'{}'),(247,'default','betterrtp.bypass.delay',1,'global','global',0,'{}'),(248,'default','griefprevention.claims',1,'global','global',0,'{}'),(249,'default','shaman',0,'global','global',0,'{}'),(250,'default','essentials.tpauto',1,'global','global',0,'{}'),(251,'default','beastmaster',0,'global','global',0,'{}'),(252,'default','uclans.player.ff',1,'global','global',0,'{}'),(253,'default','randomtp',1,'global','global',0,'{}'),(254,'default','essentials.warp',1,'global','global',0,'{}'),(255,'default','uclans.player.create',1,'global','global',0,'{}'),(256,'default','rtp',1,'global','global',0,'{}'),(257,'default','uclans.player.promote',1,'global','global',0,'{}'),(258,'default','betterrtp.bypass.cooldown',1,'global','global',0,'{}'),(259,'default','displayname.default',1,'global','global',0,'{}'),(260,'default','essentials.back.ondeath',1,'global','global',0,'{}'),(261,'default','essentials.back',1,'global','global',0,'{}'),(262,'default','uclans.player.bank',1,'global','global',0,'{}'),(263,'default','mcpets.use',1,'global','global',0,'{}'),(264,'default','taixiu.use',1,'global','global',0,'{}'),(265,'default','uclans.player.banner',1,'global','global',0,'{}'),(266,'default','uclans.player.regroup',1,'global','global',0,'{}'),(267,'default','multiverse.access.world_nether',0,'global','global',0,'{}'),(268,'default','mage',0,'global','global',0,'{}'),(269,'default','uclans.player.help',1,'global','global',0,'{}'),(270,'default','uclans.player.quest',1,'global','global',0,'{}'),(271,'default','multiverse.access.world_the_end',0,'global','global',0,'{}'),(272,'default','randomTp.rtp',1,'global','global',0,'{}'),(273,'default','uclans.player.war',1,'global','global',0,'{}'),(274,'default','uclans.player.logger',1,'global','global',0,'{}'),(276,'default','uclans.player.mail',1,'global','global',0,'{}'),(278,'default','bard',0,'global','global',0,'{}'),(279,'default','randomtp.price',1,'global','global',0,'{}'),(280,'default','dragon_warrior',0,'global','global',0,'{}'),(281,'default','uclans.player.nickname',1,'global','global',0,'{}'),(282,'default','uclans.player.modtag',1,'global','global',0,'{}'),(283,'default','chatgames.top',1,'global','global',0,'{}'),(284,'default','essentials.tpacancel',1,'global','global',0,'{}'),(285,'default','uclans.player.demote',1,'global','global',0,'{}'),(286,'default','uclans.player.changeleader',1,'global','global',0,'{}'),(287,'default','uclans.player.rival',1,'global','global',0,'{}'),(288,'default','pwarp.delete',0,'global','global',0,'{}'),(289,'default','mmocore.waypoints',1,'global','global',0,'{}'),(290,'default','multiverse.access.*',1,'global','global',0,'{}'),(291,'default','archer',0,'global','global',0,'{}'),(292,'default','randomtp.countdown',1,'global','global',0,'{}'),(293,'default','uclans.player.disband',1,'global','global',0,'{}'),(294,'default','multiverse.access.world',0,'global','global',0,'{}'),(295,'default','essentials.tpaccept',1,'global','global',0,'{}'),(296,'default','uclans.player.profile',1,'global','global',0,'{}'),(297,'default','uclans.player.ban',1,'global','global',0,'{}'),(298,'default','uclans.player.deny',1,'global','global',0,'{}'),(299,'default','uclans',1,'global','global',0,'{}'),(300,'default','randomtp.rtp.everyone',1,'global','global',0,'{}'),(301,'default','uclans.player.list',1,'global','global',0,'{}'),(302,'default','pwarp.create',0,'global','global',0,'{}'),(303,'default','zauctionhouse.sell',1,'global','global',0,'{}'),(304,'default','playervaults.amount.1',1,'global','global',0,'{}'),(305,'default','essentials.balance',1,'global','global',0,'{}'),(306,'default','zauctionhouse',1,'global','global',0,'{}'),(307,'default','uclans.player.join',1,'global','global',0,'{}'),(308,'default','paladin',0,'global','global',0,'{}'),(309,'default','uclans.player.settings',1,'global','global',0,'{}'),(310,'default','spawnermeta.command.shop',0,'global','global',0,'{}'),(311,'default','essentials.renamehome',1,'global','global',0,'{}'),(313,'default','uclans.player.land',1,'global','global',0,'{}'),(314,'default','essentials.spawn',1,'global','global',0,'{}'),(315,'default','essentials.tpahere',1,'global','global',0,'{}'),(317,'default','uclans.player.desc',1,'global','global',0,'{}'),(318,'default','weight.0',1,'global','global',0,'{}'),(319,'default','randomtp.rtp',1,'global','global',0,'{}'),(320,'default','animatedscoreboard.toggle',1,'global','global',0,'{}'),(321,'default','chatgames.toggle',1,'global','global',0,'{}'),(322,'default','uclans.player.ally',1,'global','global',0,'{}'),(323,'default','multiverse.teleport.self.w',1,'global','global',0,'{}'),(324,'default','pe',0,'global','global',0,'{}'),(325,'default','archmage',0,'global','global',0,'{}'),(326,'default','mmocore.pvpmode',1,'global','global',0,'{}'),(328,'default','uclans.bypass_command_cooldown',1,'global','global',0,'{}'),(329,'default','zauctionhouse.sell.inventory',1,'global','global',0,'{}'),(330,'default','betterrtp.use',1,'global','global',0,'{}'),(331,'lazuli','weight.2',1,'global','global',0,'{}'),(332,'lazuli','prefix.2.&r &r &f',1,'global','global',0,'{}'),(333,'lazuli','displayname.lazuli',1,'global','global',0,'{}'),(334,'lazuli','group.coal',1,'global','global',0,'{}'),(335,'vang','group.sat',1,'global','global',0,'{}'),(336,'vang','weight.4',1,'global','global',0,'{}'),(337,'vang','prefix.4.&r &r &f',1,'global','global',0,'{}'),(338,'vang','claim.fly.join',1,'global','global',0,'{}'),(339,'vang','claim.fly',1,'global','global',0,'{}'),(340,'vang','displayname.vang',1,'global','global',0,'{}'),(341,'emerald','group.vang',1,'global','global',0,'{}'),(342,'emerald','displayname.emerald',1,'global','global',0,'{}'),(343,'emerald','prefix.5.&r &r &f',1,'global','global',0,'{}'),(344,'emerald','weight.5',1,'global','global',0,'{}'),(345,'sat','weight.3',1,'global','global',0,'{}'),(346,'sat','group.lazuli',1,'global','global',0,'{}'),(348,'sat','displayname.sat',1,'global','global',0,'{}'),(349,'youtube','prefix.11.&r &r &f',1,'global','global',0,'{}'),(350,'youtube','displayname.YouTube',1,'global','global',0,'{}'),(351,'youtube','weight.16',1,'global','global',0,'{}'),(352,'youtube','group.vipplus',1,'global','global',0,'{}'),(353,'diamond','group.emerald',1,'global','global',0,'{}'),(354,'diamond','prefix.6.&r &r &f',1,'global','global',0,'{}'),(355,'diamond','weight.6',1,'global','global',0,'{}'),(356,'diamond','displayname.diamond',1,'global','global',0,'{}'),(357,'builder','group.default',1,'global','global',0,'{}'),(358,'builder','weight.11',1,'global','global',0,'{}'),(359,'builder','displayname.builder',1,'global','global',0,'{}'),(360,'builder','prefix.11.&r &r &f',1,'global','global',0,'{}'),(363,'default','shopclass',1,'global','global',0,'{}'),(365,'default','essentials.sethome',1,'global','global',0,'{}'),(366,'default','pvpmanager.user',1,'global','global',0,'{}'),(367,'default','essentials.home',1,'global','global',0,'{}'),(368,'default','essentials.msg',1,'global','global',0,'{}'),(369,'default','essentials.nick',1,'global','global',0,'{}'),(370,'youtube','group.diamond',1,'global','global',0,'{}'),(371,'default','essentials.tpdeny',1,'global','global',0,'{}'),(372,'default','essentials.sethome.multiple.default',1,'global','global',0,'{}'),(373,'default','essentials.delhome',1,'global','global',0,'{}'),(374,'admin','prefix.15.&r&r &f',1,'global','global',0,'{}'),(375,'sat','prefix.3.&r &r &f',1,'global','global',0,'{}'),(376,'coal','prefix.1.&f &f &f',1,'global','global',0,'{}'),(377,'default','prefix.0.&f &f &f',1,'global','global',0,'{}'),(378,'coal','essentials.pay',1,'global','global',0,'{}'),(381,'default','essentials.paytoggle.others',1,'global','global',0,'{}'),(383,'default','pay',1,'global','global',0,'{}'),(384,'default','coinsengine.command.currency.payments',1,'global','global',0,'{}'),(385,'default','coinsengine.command.currency.send',1,'global','global',0,'{}'),(386,'default','coinsengine',1,'global','global',0,'{}'),(387,'default','doTilesDrop',1,'global','global',0,'{}'),(388,'default','gamerule',1,'global','global',0,'{}'),(389,'default','modifyworld.place',1,'global','global',0,'{}'),(390,'default','minecraft.break_block',1,'global','global',0,'{}'),(392,'default','economyshopgui.sellgui',0,'global','global',0,'{}'),(408,'default','economyshopgui.sellall',0,'global','global',0,'{}'),(409,'default','economyshopgui.sellgui.redstone',0,'global','global',0,'{}'),(410,'default','economyshopgui.sellallitem',0,'global','global',0,'{}'),(411,'default','economyshopgui.sellgui.mobs',0,'global','global',0,'{}'),(412,'default','economyshopgui.sellgui.blocks',0,'global','global',0,'{}'),(413,'default','economyshopgui.sellgui.dyes',0,'global','global',0,'{}'),(414,'default','economyshopgui.sellgui.music',0,'global','global',0,'{}'),(415,'default','economyshopgui.sellgui.decoration',0,'global','global',0,'{}'),(416,'default','economyshopgui.sellgui.workstations',0,'global','global',0,'{}'),(417,'default','economyshopgui.sellgui.all',0,'global','global',0,'{}'),(418,'default','economyshopgui.sellgui.enchanting',0,'global','global',0,'{}'),(419,'default','economyshopgui.sellgui.food',0,'global','global',0,'{}'),(420,'default','economyshopgui.sellgui.ores',0,'global','global',0,'{}'),(421,'default','economyshopgui.sellgui.miscellaneous',0,'global','global',0,'{}'),(422,'default','economyshopgui.sellgui.potions',0,'global','global',0,'{}'),(423,'default','economyshopgui.sellgui.farming',0,'global','global',0,'{}'),(424,'default','economyshopgui.sellgui.spawners',0,'global','global',0,'{}'),(425,'default','economyshopgui.sellall.all',0,'global','global',0,'{}'),(426,'moderator','group.moderator',1,'global','global',0,'{}');
/*!40000 ALTER TABLE `luckperms_group_permissions` ENABLE KEYS */;
UNLOCK TABLES;

--
-- Table structure for table `luckperms_groups`
--

DROP TABLE IF EXISTS `luckperms_groups`;
/*!40101 SET @saved_cs_client     = @@character_set_client */;
/*!50503 SET character_set_client = utf8mb4 */;
CREATE TABLE `luckperms_groups` (
  `name` varchar(36) NOT NULL,
  PRIMARY KEY (`name`)
) ENGINE=InnoDB DEFAULT CHARSET=utf8mb4 COLLATE=utf8mb4_0900_ai_ci;
/*!40101 SET character_set_client = @saved_cs_client */;

--
-- Dumping data for table `luckperms_groups`
--

LOCK TABLES `luckperms_groups` WRITE;
/*!40000 ALTER TABLE `luckperms_groups` DISABLE KEYS */;
INSERT INTO `luckperms_groups` VALUES ('admin'),('builder'),('coal'),('default'),('developer'),('diamond'),('emerald'),('lazuli'),('moderator'),('sat'),('supporter'),('vang'),('vip'),('vipplus'),('youtube');
/*!40000 ALTER TABLE `luckperms_groups` ENABLE KEYS */;
UNLOCK TABLES;

--
-- Table structure for table `luckperms_messenger`
--

DROP TABLE IF EXISTS `luckperms_messenger`;
/*!40101 SET @saved_cs_client     = @@character_set_client */;
/*!50503 SET character_set_client = utf8mb4 */;
CREATE TABLE `luckperms_messenger` (
  `id` int NOT NULL AUTO_INCREMENT,
  `time` timestamp NOT NULL,
  `msg` text NOT NULL,
  PRIMARY KEY (`id`)
) ENGINE=InnoDB AUTO_INCREMENT=311 DEFAULT CHARSET=utf8mb4 COLLATE=utf8mb4_0900_ai_ci;
/*!40101 SET character_set_client = @saved_cs_client */;

--
-- Dumping data for table `luckperms_messenger`
--

LOCK TABLES `luckperms_messenger` WRITE;
/*!40000 ALTER TABLE `luckperms_messenger` DISABLE KEYS */;
/*!40000 ALTER TABLE `luckperms_messenger` ENABLE KEYS */;
UNLOCK TABLES;

--
-- Table structure for table `luckperms_players`
--

DROP TABLE IF EXISTS `luckperms_players`;
/*!40101 SET @saved_cs_client     = @@character_set_client */;
/*!50503 SET character_set_client = utf8mb4 */;
CREATE TABLE `luckperms_players` (
  `uuid` varchar(36) NOT NULL,
  `username` varchar(16) NOT NULL,
  `primary_group` varchar(36) NOT NULL,
  PRIMARY KEY (`uuid`),
  KEY `luckperms_players_username` (`username`)
) ENGINE=InnoDB DEFAULT CHARSET=utf8mb4 COLLATE=utf8mb4_0900_ai_ci;
/*!40101 SET character_set_client = @saved_cs_client */;

--
-- Dumping data for table `luckperms_players`
--

LOCK TABLES `luckperms_players` WRITE;
/*!40000 ALTER TABLE `luckperms_players` DISABLE KEYS */;
INSERT INTO `luckperms_players` VALUES ('00000000-0000-0000-0009-01f002c135c9','shudeptrai','default'),('00000000-0000-0000-0009-01f0ae9d3e84','thichmauhong','default'),('00000000-0000-0000-0009-01f0b88e9cb2','tobidepzais1tg','default'),('00000000-0000-0000-0009-01f137ef4799','chung1st','default'),('00000000-0000-0000-0009-01f181fb0cbe','ezlove7010','default'),('00000000-0000-0000-0009-01f1a4455ecb','meow2k9','default'),('00000000-0000-0000-0009-01f2cae67f2e','amand4536','default'),('00000000-0000-0000-0009-01f31671ee6c','kienmcgaminh','default'),('00000000-0000-0000-0009-01f4fc23ae68','luckvoltia4869','default'),('00000000-0000-0000-0009-01f56096489c','reglow9232','default'),('00000000-0000-0000-0009-01f57631e1c6','kienmcgaminh123','default'),('00000000-0000-0000-0009-01f5ec298cfc','kaitoenthemc','default'),('00000000-0000-0000-0009-01f68770847e','zgduyzz','default'),('00000000-0000-0000-0009-01f7e2f287d7','micheal6467','default'),('00000000-0000-0000-0009-01f9dd9c124e','tk_duyeric','default'),('00000000-0000-0000-0009-01fa766775be','annneae','default'),('00000000-0000-0000-0009-01fbe0a26939','punctualarc2786','default'),('00000000-0000-0000-0009-01fd85a46d29','kayyaa705','default'),('00000000-0000-0000-0009-01fda0eeb9ac','pithyrose084783','default'),('00000000-0000-0000-0009-01fdb365658f','ddtiendznhat','default'),('00000000-0000-0000-0009-01feef47d5e4','vaguersoup35995','default'),('00000000-0000-0000-0009-01ff845a5781','kaizonopro','default'),('00000000-0000-0000-0009-01ffd0860df2','katori1749','default'),('00000000-0000-0000-0009-01ffd09244df','den7606','default'),('00307555-9c65-3a41-b0a5-40141301523e','phusieudepzai','default'),('01e4e24b-f246-3487-b510-f8c4c1b826ec','thinhdinh','default'),('032bd9ef-5413-34a2-9685-56c3140a28a7','annatroxx','default'),('062f173e-1239-3e94-8928-5827e6c14c1c','baodepzai2612008','default'),('070cd1a8-88ac-3aa0-bac4-808b4f7990f8','longlag_mc','default'),('085edacf-4490-3505-85dc-fc0dc7dbff20','qungg','default'),('08a1d7c9-596c-3c6a-b8f2-821e5f08da11','haisamnek','default'),('0a960c7a-95ad-338a-9db7-9a675bf710d3','squiddragon69','default'),('0e603b2b-bdf7-34ce-a7eb-4508c4c8edc7','yooshann','default'),('1150b0c2-e6fa-3813-8ecd-46a223122c5b','xlongismynamex','default'),('11daedd2-95d3-39b7-8886-36b8bccffda5','chuyen2009_','default'),('11e912d0-77d3-320f-9373-887f746f6f28','lulibune','default'),('12963c61-e81b-3f33-b846-4efeef4789e4','thaohehuocvclra','default'),('133d63f4-21cf-31d6-ae4c-3569c0c0e8b1','ans','default'),('13da591d-4971-3af9-94b1-9a32ccbc1e05','yooshannpkm','default'),('1a61fa90-df6b-328b-9ea8-be62e9334e86','cutypro1909','default'),('1a6cad05-fa32-3148-8b4d-e48bcc3ba311','khoi1236','default'),('1d20d3d7-209e-369d-9e38-5372d006fa13','nokeepp','default'),('1ee36043-1118-3244-8902-b3d19903753e','tori_kamaru','default'),('20695691-8607-35a5-816c-3cdc25b7da61','elegant_1496','default'),('2310f1f3-dc81-34fb-abd4-a92219e22241','memimy','default'),('27e7257f-efcb-3be9-bb45-52ab828f1937','wowquada','default'),('28756ec0-2602-3f7e-8180-c66f639552f2','49_dan','default'),('30ae6bef-da4f-39dd-871d-6b15d2c7641c','owlz302','default'),('31f8c203-1379-3e21-a11b-84b80e7a84ff','emhiuuu','diamond'),('3605cc0c-02f4-35eb-ae4e-d5817450d5ce','daigo','default'),('370a3ae9-d500-3709-a25c-55b6303a890e','bakabaka','default'),('3cc37000-48ac-3768-a1cb-6ea786116da9','tomeme','default'),('3d08284d-8e20-322a-935c-0a91a812743e','son125ipock','default'),('3f611995-2ec2-381a-bf7e-13f83df5a059','lexuanson257','default'),('4438fd60-c136-3877-9b81-456d5efa244b','xxx1c','default'),('47adf7f9-a5c8-3ff0-a85d-f08a6d36129c','quangbodoi10','default'),('4abd0ae5-8e1f-3db4-b1c7-cdbd9ed24b12','xuryname','default'),('4ba7d1ae-6afc-302b-a67e-2a9993074ef7','thaoaca','default'),('4bc715f1-5236-3a18-857f-499e17ccd1bf','nekoomc','default'),('4db6c8ac-a7aa-399c-9495-842230443b91','okurinz','default'),('4eb00f45-9cdc-34cd-ac4f-fa8a2bfaa8ba','songvotu198','default'),('4eb4c1d7-5232-383a-acff-2db1ab6a84b4','emchexinhiu','default'),('4eda078b-3b10-336e-96fc-8b5a57a0ab66','chexinhiu','default'),('52e90bef-5a90-33d6-bb49-a3f9dd343fa5','vuhieu2k7','default'),('54678f50-714b-39b0-9117-b749b362d4ef','thebausffs','default'),('55c80b0d-7556-34bd-9954-4b482fa5a43a','iman2024','default'),('583c4d13-1963-3165-a829-93aa16fe1a23','test0101','default'),('59c8ca43-244b-322d-a475-4e789b85f794','ltdmc','default'),('5b7e8f42-1da1-3198-a4e2-f292f9175729','noohope','default'),('5ca3d0f4-472b-3498-a232-c9c3cb60a478','admin6136','default'),('5deedb11-f5eb-3f16-9833-7ffba2700c61','duy54321','default'),('5f7fe19f-abe3-3068-afe2-0235dad07a71','deathking','default'),('61ce4e7c-924e-36e8-b008-494a823bf066','nhimsbimchua','default'),('6490e519-f906-3555-bd07-31da4d3be0ee','nhocsamm','default'),('65eb25d2-c2a2-32af-bd42-1546100a2ed8','echef','default'),('686e8e71-e963-378f-9495-124deae913be','ryrem','default'),('6972686b-747b-30f6-b21a-2e18af85cddc','kingpeka4','default'),('69b86f21-8ebb-362d-a408-18c761f10fa5','thienphuc5343','default'),('6d0e97a5-f9aa-3fbf-a908-45af4512dfa4','imissher','default'),('704ef73e-e39a-3f84-bf1a-356b27199ea6','shaoyidagiu','default'),('70f259cc-00df-32d8-9def-20447562e9b5','hoagdz121','default'),('748cca3b-1d1f-3756-b5b2-62aa37417439','mrcat','default'),('751428ca-70d0-314f-a8c7-3735af40b98c','frieyah','default'),('755b818f-517c-3948-ac0a-b843e15afd58','paintown','default'),('75dfdce7-b47d-3b57-a35c-daf309424190','lazy','default'),('76b64183-0697-35ee-b05e-3866348b6692','onionionnn','default'),('76bdc3c3-f915-31d8-9b2b-f29f506690ce','skywcd','default'),('76eabf09-1646-3438-9865-0e366f9eee55','49dan_gaming','default'),('76f71d53-cfc7-37d0-b413-9278c3c56060','huang','default'),('7a107073-af2e-31eb-b15d-65d604a90cfb','nofun4ug','default'),('7b7ced36-9d98-37f0-be28-71505b87dc92','pvp_yamdrink','default'),('7cb147c9-d51f-3bf4-b07e-851898549da0','tsb_sha','default'),('7d0a0fd7-1dd5-3f28-baf8-6b000011d6ef','weirl','default'),('7fda8623-9fdb-3b9a-9fbf-6f9e5efad35c','binhbinh','default'),('809a387c-c204-3b4a-9491-b21fceefc68b','ongtrumchoida','default'),('80d7e5de-db1a-37a6-b958-62b98e946975','yewemnha','default'),('810a721e-ddbb-373e-ba41-57c0973c4456','anhtuideptrai','default'),('81bf46c7-8101-3a65-9c03-f8681f335678','khanhbui','default'),('86f9a8fb-8e99-3a99-a844-666b742b5b70','babysharkk','default'),('8dafba2a-e210-3b9b-8efd-fc7f878a0db8','mike','default'),('8f08f73c-ff48-30fa-8f2b-42d30ec65cb9','thao3k','default'),('933d892f-fb43-37b4-99ea-0dbed21b5ac7','mike83','default'),('95999310-2c73-326b-9c99-947f460618c3','azyghost1','default'),('95b7537c-8706-3105-8c54-08aafc199910','nghami','default'),('9a619ca7-41e0-3755-af08-fcee245ed3e4','dht123ez','default'),('9e69a7e0-5fcd-3b8b-8c7f-847ba30156d2','antrc2','sat'),('a1310c36-9403-391a-926c-9c09ace1bdd5','cathuynh2011','default'),('a14767ca-f07c-3705-a883-69dc894d1826','aduengpaohoang','default'),('a239b0a3-6e15-3a44-b643-a56697388ec1','pewpongpay','default'),('a3e18d31-f6bc-39b7-9092-b86477a6f478','anobaria1','default'),('a4f6122a-76d3-35ae-ba83-dab662ab0f7c','khoa1117','default'),('a6116285-6125-3be4-aa23-f9392b428c10','nalhomie','default'),('a86558c7-5915-3ecb-be91-80ffc06e483b','nabi','default'),('ab949bab-8aab-3eea-9c8f-b9b1b6961153','meiko','default'),('afcb0f8a-f05a-384f-920c-51a1b873b6db','pntuananh','default'),('b92bc935-50e8-38b1-b4c8-f1b876c1f174','49danmc','default'),('bade6dfc-3074-3a23-a72a-9ebd6ece21c0','huwa','default'),('bc2ac734-3857-38a6-b7ee-3308c087ba79','saon101','default'),('bd11ee7e-47b8-3467-9d39-dc64ab286b5a','anobaria','default'),('c53de9ec-695d-3c43-82de-7e25bc2d3356','heulwen123','default'),('c6143b25-914e-3673-8a52-fcca82ad297c','trissyt0104','default'),('c64c3255-e290-3d4c-8f9e-22a17f2f15ef','concacanhdeplam','default'),('c9e82a83-5572-3bd6-9b38-e26cb20a92aa','jacksuperluck','default'),('cac5cf2d-f0eb-31cb-a5bc-efe265244167','binkhoaak2k4','default'),('cc85e922-a198-3429-ae47-881c67671938','hutaocafe','default'),('cdc2cbf1-f565-334c-972c-00cc8b280c85','huangyeude','default'),('d2d71c54-7a4b-35bb-afba-5d26e6128c69','hoagdz','default'),('d805ce79-9524-3445-b22e-6927c248041e','trug678','default'),('dc048e28-1cd5-37df-8f77-d6bdea66d762','khoai456','default'),('df289fc9-c102-3f08-b7c5-3aebe4ee6216','yasuka011026','default'),('e068ba98-43e1-30fe-80a0-12cd61efeef5','daffiestmink37','default'),('e0bfc308-b34e-3f9f-aa91-27449d0e9145','dj_deticat','default'),('e591385d-b428-3389-bc75-c53c141ef12a','dieter_orius','default'),('e8e2eb63-39ef-37f5-85bc-55e169f05178','dazzy21','default'),('ebad373f-2247-37fe-8e34-29f039fa8c79','hynbel','default'),('f1844c5f-1ab8-38fa-8c9c-40260bd8e008','hiking2347','default'),('f33220cb-0271-3d57-97c7-2e98344ff4be','ryrem15','default'),('f774ff56-3632-316d-a19d-22736742f848','nguyendann','default'),('fd7a83b2-e065-3fc5-adbb-999d56813a8c','thangmc2374','default'),('fdbec1bd-85f7-36ba-a7c9-35fd0c34a825','49_danmu','default'),('fe7c8e63-4d45-3199-9dd1-c6a832e5ecee','elowynei','default');
/*!40000 ALTER TABLE `luckperms_players` ENABLE KEYS */;
UNLOCK TABLES;

--
-- Table structure for table `luckperms_tracks`
--

DROP TABLE IF EXISTS `luckperms_tracks`;
/*!40101 SET @saved_cs_client     = @@character_set_client */;
/*!50503 SET character_set_client = utf8mb4 */;
CREATE TABLE `luckperms_tracks` (
  `name` varchar(36) NOT NULL,
  `groups` text NOT NULL,
  PRIMARY KEY (`name`)
) ENGINE=InnoDB DEFAULT CHARSET=utf8mb4 COLLATE=utf8mb4_0900_ai_ci;
/*!40101 SET character_set_client = @saved_cs_client */;

--
-- Dumping data for table `luckperms_tracks`
--

LOCK TABLES `luckperms_tracks` WRITE;
/*!40000 ALTER TABLE `luckperms_tracks` DISABLE KEYS */;
/*!40000 ALTER TABLE `luckperms_tracks` ENABLE KEYS */;
UNLOCK TABLES;

--
-- Table structure for table `luckperms_user_permissions`
--

DROP TABLE IF EXISTS `luckperms_user_permissions`;
/*!40101 SET @saved_cs_client     = @@character_set_client */;
/*!50503 SET character_set_client = utf8mb4 */;
CREATE TABLE `luckperms_user_permissions` (
  `id` int NOT NULL AUTO_INCREMENT,
  `uuid` varchar(36) NOT NULL,
  `permission` varchar(200) NOT NULL,
  `value` tinyint(1) NOT NULL,
  `server` varchar(36) NOT NULL,
  `world` varchar(64) NOT NULL,
  `expiry` bigint NOT NULL,
  `contexts` varchar(200) NOT NULL,
  PRIMARY KEY (`id`),
  KEY `luckperms_user_permissions_uuid` (`uuid`)
) ENGINE=InnoDB AUTO_INCREMENT=68661 DEFAULT CHARSET=utf8mb4 COLLATE=utf8mb4_0900_ai_ci;
/*!40101 SET character_set_client = @saved_cs_client */;

--
-- Dumping data for table `luckperms_user_permissions`
--

LOCK TABLES `luckperms_user_permissions` WRITE;
/*!40000 ALTER TABLE `luckperms_user_permissions` DISABLE KEYS */;
INSERT INTO `luckperms_user_permissions` VALUES (2392,'bd11ee7e-47b8-3467-9d39-dc64ab286b5a','archer',1,'global','world',0,'{}'),(2540,'bd11ee7e-47b8-3467-9d39-dc64ab286b5a','paladin',1,'global','world',0,'{}'),(2545,'31f8c203-1379-3e21-a11b-84b80e7a84ff','meta.lp-editor-key.l1jvz9QuNDBVnKTxkEg2ri+VA7M=',1,'global','global',0,'{}'),(2551,'bd11ee7e-47b8-3467-9d39-dc64ab286b5a','meta.lp-editor-key.LAtQooCbeC3+hZbl55pxP0ayXlc=',1,'global','global',0,'{}'),(2720,'dc048e28-1cd5-37df-8f77-d6bdea66d762','group.default',1,'global','global',0,'{}'),(2721,'dc048e28-1cd5-37df-8f77-d6bdea66d762','mage',1,'global','dungeon',0,'{}'),(3064,'bd11ee7e-47b8-3467-9d39-dc64ab286b5a','shaman',1,'global','t1_0',0,'{}'),(3066,'bd11ee7e-47b8-3467-9d39-dc64ab286b5a','mage',1,'global','t2_0',0,'{}'),(3398,'9e69a7e0-5fcd-3b8b-8c7f-847ba30156d2','*',1,'global','global',0,'{}'),(3427,'31f8c203-1379-3e21-a11b-84b80e7a84ff','shaman',1,'global','dungeon',0,'{}'),(3449,'31f8c203-1379-3e21-a11b-84b80e7a84ff','essentials.repair',1,'global','global',0,'{}'),(3604,'bd11ee7e-47b8-3467-9d39-dc64ab286b5a','mcpet.healing_flower',0,'global','global',0,'{}'),(6040,'751428ca-70d0-314f-a8c7-3735af40b98c','group.default',1,'global','global',0,'{}'),(6041,'751428ca-70d0-314f-a8c7-3735af40b98c','shaman',1,'global','dungeon',0,'{}'),(7574,'76bdc3c3-f915-31d8-9b2b-f29f506690ce','group.default',1,'global','global',0,'{}'),(7836,'3cc37000-48ac-3768-a1cb-6ea786116da9','group.default',1,'global','global',0,'{}'),(9328,'11e912d0-77d3-320f-9373-887f746f6f28','group.default',1,'global','global',0,'{}'),(9329,'11e912d0-77d3-320f-9373-887f746f6f28','rank.coal',1,'global','global',0,'{}'),(9330,'11e912d0-77d3-320f-9373-887f746f6f28','rank.rank',1,'global','global',0,'{}'),(9331,'11e912d0-77d3-320f-9373-887f746f6f28','rank.lapis',1,'global','global',0,'{}'),(9332,'11e912d0-77d3-320f-9373-887f746f6f28','rank.iron',1,'global','global',0,'{}'),(9333,'11e912d0-77d3-320f-9373-887f746f6f28','rank.gold',1,'global','global',0,'{}'),(9334,'11e912d0-77d3-320f-9373-887f746f6f28','rank.emerald',1,'global','global',0,'{}'),(9335,'11e912d0-77d3-320f-9373-887f746f6f28','rank.diamond',1,'global','global',0,'{}'),(9756,'00000000-0000-0000-0009-01fd85a46d29','group.default',1,'global','global',0,'{}'),(10848,'76f71d53-cfc7-37d0-b413-9278c3c56060','group.default',1,'global','global',0,'{}'),(10849,'76f71d53-cfc7-37d0-b413-9278c3c56060','archer',1,'global','dungeon',0,'{}'),(10982,'31f8c203-1379-3e21-a11b-84b80e7a84ff','group.default',1,'global','global',0,'{}'),(12059,'31f8c203-1379-3e21-a11b-84b80e7a84ff','mmoitems.admin',1,'global','global',0,'{}'),(12243,'704ef73e-e39a-3f84-bf1a-356b27199ea6','group.default',1,'global','global',0,'{}'),(14107,'00000000-0000-0000-0009-01f4204ccc33','group.diamond',1,'global','global',0,'{}'),(14451,'76bdc3c3-f915-31d8-9b2b-f29f506690ce','warrior',1,'global','spawn',0,'{}'),(18057,'1150b0c2-e6fa-3813-8ecd-46a223122c5b','group.default',1,'global','global',0,'{}'),(19389,'3cc37000-48ac-3768-a1cb-6ea786116da9','archer',1,'global','spawn',0,'{}'),(19846,'704ef73e-e39a-3f84-bf1a-356b27199ea6','warrior',1,'global','world_the_end',0,'{}'),(20110,'76f71d53-cfc7-37d0-b413-9278c3c56060','archer',1,'global','spawn',0,'{}'),(22952,'00000000-0000-0000-0009-01ffd0860df2','group.default',1,'global','global',0,'{}'),(22953,'00000000-0000-0000-0009-01ffd0860df2','warrior',1,'global','dungeon',0,'{}'),(23203,'e0bfc308-b34e-3f9f-aa91-27449d0e9145','group.default',1,'global','global',0,'{}'),(23204,'e0bfc308-b34e-3f9f-aa91-27449d0e9145','assassin',1,'global','dungeon',0,'{}'),(23921,'5f7fe19f-abe3-3068-afe2-0235dad07a71','group.default',1,'global','global',0,'{}'),(24312,'1150b0c2-e6fa-3813-8ecd-46a223122c5b','assassin',1,'global','world_the_end',0,'{}'),(24403,'00000000-0000-0000-0009-01fd85a46d29','archer',1,'global','spawn',0,'{}'),(24632,'00000000-0000-0000-0009-01f9953f6418','group.default',1,'global','global',0,'{}'),(24784,'00000000-0000-0000-0009-01f9953f6418','archer',1,'global','dungeon',0,'{}'),(26508,'00000000-0000-0000-0009-01fd85a46d29','archer',1,'global','dungeon',0,'{}'),(26936,'a4f6122a-76d3-35ae-ba83-dab662ab0f7c','mage',1,'global','dungeon',0,'{}'),(27170,'a4f6122a-76d3-35ae-ba83-dab662ab0f7c','group.emerald',1,'global','global',0,'{}'),(27351,'3cc37000-48ac-3768-a1cb-6ea786116da9','bard',1,'global','koth',0,'{}'),(27480,'3cc37000-48ac-3768-a1cb-6ea786116da9','dragon_warrior',1,'global','spawn',0,'{}'),(27567,'5f7fe19f-abe3-3068-afe2-0235dad07a71','mage',1,'global','world_the_end',0,'{}'),(27610,'755b818f-517c-3948-ac0a-b843e15afd58','group.default',1,'global','global',0,'{}'),(27611,'755b818f-517c-3948-ac0a-b843e15afd58','rank.coal',1,'global','global',0,'{}'),(27612,'755b818f-517c-3948-ac0a-b843e15afd58','rank.rank',1,'global','global',0,'{}'),(27613,'755b818f-517c-3948-ac0a-b843e15afd58','rank.lapis',1,'global','global',0,'{}'),(27614,'755b818f-517c-3948-ac0a-b843e15afd58','rank.iron',1,'global','global',0,'{}'),(27615,'755b818f-517c-3948-ac0a-b843e15afd58','rank.gold',1,'global','global',0,'{}'),(27616,'755b818f-517c-3948-ac0a-b843e15afd58','rank.emerald',1,'global','global',0,'{}'),(27617,'755b818f-517c-3948-ac0a-b843e15afd58','rank.diamond',1,'global','global',0,'{}'),(28369,'5ca3d0f4-472b-3498-a232-c9c3cb60a478','group.default',1,'global','global',0,'{}'),(28370,'5ca3d0f4-472b-3498-a232-c9c3cb60a478','dragon_warrior',1,'global','dungeon',0,'{}'),(28605,'5ca3d0f4-472b-3498-a232-c9c3cb60a478','dragon_warrior',1,'global','world',0,'{}'),(28667,'5ca3d0f4-472b-3498-a232-c9c3cb60a478','dragon_warrior',1,'global','fram',0,'{}'),(29651,'00000000-0000-0000-0009-01f56096489c','group.default',1,'global','global',0,'{}'),(29652,'00000000-0000-0000-0009-01f56096489c','archer',1,'global','dungeon',0,'{}'),(30097,'31f8c203-1379-3e21-a11b-84b80e7a84ff','group.vipplus',1,'global','global',0,'{}'),(30757,'1150b0c2-e6fa-3813-8ecd-46a223122c5b','assassin',1,'global','dungeon',0,'{}'),(30897,'4eb4c1d7-5232-383a-acff-2db1ab6a84b4','group.default',1,'global','global',0,'{}'),(30898,'4eb4c1d7-5232-383a-acff-2db1ab6a84b4','warrior',1,'global','dungeon',0,'{}'),(30934,'4eb4c1d7-5232-383a-acff-2db1ab6a84b4','warrior',1,'global','spawn',0,'{}'),(31408,'f33220cb-0271-3d57-97c7-2e98344ff4be','archer',1,'global','spawn',0,'{}'),(31897,'afcb0f8a-f05a-384f-920c-51a1b873b6db','group.default',1,'global','global',0,'{}'),(31898,'afcb0f8a-f05a-384f-920c-51a1b873b6db','warrior',1,'global','spawn',0,'{}'),(33571,'f33220cb-0271-3d57-97c7-2e98344ff4be','group.default',1,'global','global',0,'{}'),(34640,'00000000-0000-0000-0009-01f1a4455ecb','group.default',1,'global','global',0,'{}'),(35272,'4db6c8ac-a7aa-399c-9495-842230443b91','group.default',1,'global','global',0,'{}'),(35423,'809a387c-c204-3b4a-9491-b21fceefc68b','group.default',1,'global','global',0,'{}'),(35424,'809a387c-c204-3b4a-9491-b21fceefc68b','assassin',1,'global','dungeon',0,'{}'),(35803,'809a387c-c204-3b4a-9491-b21fceefc68b','shaman',1,'global','dungeon',0,'{}'),(35863,'809a387c-c204-3b4a-9491-b21fceefc68b','shaman',1,'global','world',0,'{}'),(40382,'00000000-0000-0000-0009-01f56096489c','archer',1,'global','spawn',0,'{}'),(40419,'1150b0c2-e6fa-3813-8ecd-46a223122c5b','economyshopgui.shop',0,'global','global',0,'{}'),(41691,'08a1d7c9-596c-3c6a-b8f2-821e5f08da11','group.default',1,'global','global',0,'{}'),(41692,'08a1d7c9-596c-3c6a-b8f2-821e5f08da11','mage',1,'global','dungeon',0,'{}'),(42105,'ab949bab-8aab-3eea-9c8f-b9b1b6961153','group.default',1,'global','global',0,'{}'),(42106,'ab949bab-8aab-3eea-9c8f-b9b1b6961153','rank.coal',1,'global','global',0,'{}'),(42107,'ab949bab-8aab-3eea-9c8f-b9b1b6961153','rank.rank',1,'global','global',0,'{}'),(42108,'ab949bab-8aab-3eea-9c8f-b9b1b6961153','rank.lapis',1,'global','global',0,'{}'),(42109,'ab949bab-8aab-3eea-9c8f-b9b1b6961153','rank.iron',1,'global','global',0,'{}'),(42110,'ab949bab-8aab-3eea-9c8f-b9b1b6961153','rank.gold',1,'global','global',0,'{}'),(42111,'ab949bab-8aab-3eea-9c8f-b9b1b6961153','rank.emerald',1,'global','global',0,'{}'),(42112,'ab949bab-8aab-3eea-9c8f-b9b1b6961153','rank.diamond',1,'global','global',0,'{}'),(42181,'4db6c8ac-a7aa-399c-9495-842230443b91','archer',1,'global','world',0,'{}'),(42237,'e0bfc308-b34e-3f9f-aa91-27449d0e9145','assassin',1,'global','spawn',0,'{}'),(42431,'4db6c8ac-a7aa-399c-9495-842230443b91','archer',1,'global','dungeon',0,'{}'),(42970,'809a387c-c204-3b4a-9491-b21fceefc68b','archer',1,'global','world_the_end',0,'{}'),(42981,'809a387c-c204-3b4a-9491-b21fceefc68b','archer',1,'global','dungeon',0,'{}'),(44002,'00000000-0000-0000-0009-01ffd09244df','group.default',1,'global','global',0,'{}'),(44003,'00000000-0000-0000-0009-01ffd09244df','assassin',1,'global','spawn',0,'{}'),(44135,'11e912d0-77d3-320f-9373-887f746f6f28','assassin',1,'global','dungeon',0,'{}'),(44615,'00000000-0000-0000-0009-01ffd09244df','assassin',1,'global','world_nether',0,'{}'),(45149,'00000000-0000-0000-0009-01f1a4455ecb','assassin',1,'global','dungeon',0,'{}'),(47649,'755b818f-517c-3948-ac0a-b843e15afd58','archer',1,'global','dungeon',0,'{}'),(48341,'76bdc3c3-f915-31d8-9b2b-f29f506690ce','assassin',1,'global','dungeon',0,'{}'),(48395,'76bdc3c3-f915-31d8-9b2b-f29f506690ce','assassin',1,'global','spawn',0,'{}'),(48783,'00000000-0000-0000-0009-01ffd09244df','assassin',1,'global','dungeon',0,'{}'),(49292,'47adf7f9-a5c8-3ff0-a85d-f08a6d36129c','group.default',1,'global','global',0,'{}'),(49358,'47adf7f9-a5c8-3ff0-a85d-f08a6d36129c','shaman',1,'global','spawn',0,'{}'),(49521,'bd11ee7e-47b8-3467-9d39-dc64ab286b5a','group.sat',1,'true','global',1721038461,'{}'),(49522,'bd11ee7e-47b8-3467-9d39-dc64ab286b5a','group.vang',1,'true','global',1721038470,'{}'),(49524,'bd11ee7e-47b8-3467-9d39-dc64ab286b5a','group.diamond',1,'true','global',1721038574,'{}'),(49531,'bd11ee7e-47b8-3467-9d39-dc64ab286b5a','group.default',1,'global','global',0,'{}'),(49532,'9e69a7e0-5fcd-3b8b-8c7f-847ba30156d2','group.default',1,'global','global',0,'{}'),(49533,'9e69a7e0-5fcd-3b8b-8c7f-847ba30156d2','group.vang',1,'global','global',1721039490,'{}'),(49534,'9e69a7e0-5fcd-3b8b-8c7f-847ba30156d2','group.diamond',1,'global','global',1721039519,'{}'),(49677,'bd11ee7e-47b8-3467-9d39-dc64ab286b5a','assassin',1,'global','dungeon',0,'{}'),(49761,'31f8c203-1379-3e21-a11b-84b80e7a84ff','archer',1,'global','spawn',0,'{}'),(49985,'bd11ee7e-47b8-3467-9d39-dc64ab286b5a','assassin',1,'global','spawn',0,'{}'),(50962,'8dafba2a-e210-3b9b-8efd-fc7f878a0db8','group.default',1,'global','global',0,'{}'),(50963,'8dafba2a-e210-3b9b-8efd-fc7f878a0db8','ninja_samurai',1,'global','world',0,'{}'),(50994,'751428ca-70d0-314f-a8c7-3735af40b98c','assassin',1,'global','spawn',0,'{}'),(51077,'c53de9ec-695d-3c43-82de-7e25bc2d3356','group.default',1,'global','global',0,'{}'),(51080,'751428ca-70d0-314f-a8c7-3735af40b98c','mage',1,'global','dungeon',0,'{}'),(51164,'e591385d-b428-3389-bc75-c53c141ef12a','group.default',1,'global','global',0,'{}'),(51794,'3cc37000-48ac-3768-a1cb-6ea786116da9','assassin',1,'global','dungeon',0,'{}'),(51922,'e591385d-b428-3389-bc75-c53c141ef12a','mage',1,'global','dungeon',0,'{}'),(51926,'31f8c203-1379-3e21-a11b-84b80e7a84ff','ninja_samurai',1,'global','dungeon',0,'{}'),(51973,'e591385d-b428-3389-bc75-c53c141ef12a','mage',1,'global','koth',0,'{}'),(51991,'31f8c203-1379-3e21-a11b-84b80e7a84ff','ninja_samurai',1,'global','koth',0,'{}'),(56358,'7b7ced36-9d98-37f0-be28-71505b87dc92','group.default',1,'global','global',0,'{}'),(57625,'cac5cf2d-f0eb-31cb-a5bc-efe265244167','group.default',1,'global','global',0,'{}'),(57626,'cac5cf2d-f0eb-31cb-a5bc-efe265244167','archer',1,'global','dungeon',0,'{}'),(58619,'7b7ced36-9d98-37f0-be28-71505b87dc92','warrior',1,'global','dungeon',0,'{}'),(58657,'bd11ee7e-47b8-3467-9d39-dc64ab286b5a','gunner',1,'global','dungeon',0,'{}'),(62904,'bd11ee7e-47b8-3467-9d39-dc64ab286b5a','bard',1,'global','spawn',0,'{}'),(63770,'5deedb11-f5eb-3f16-9833-7ffba2700c61','group.default',1,'global','global',0,'{}'),(63815,'5deedb11-f5eb-3f16-9833-7ffba2700c61','assassin',1,'global','world_the_end',0,'{}'),(64215,'5deedb11-f5eb-3f16-9833-7ffba2700c61','assassin',1,'global','dungeon',0,'{}'),(64427,'5deedb11-f5eb-3f16-9833-7ffba2700c61','assassin',1,'global','world',0,'{}'),(65353,'c53de9ec-695d-3c43-82de-7e25bc2d3356','mage',1,'global','dungeon',0,'{}'),(67226,'4eb4c1d7-5232-383a-acff-2db1ab6a84b4','archer',1,'global','dungeon',0,'{}'),(67363,'e0bfc308-b34e-3f9f-aa91-27449d0e9145','archer',1,'global','dungeon',0,'{}'),(67520,'2310f1f3-dc81-34fb-abd4-a92219e22241','group.default',1,'global','global',0,'{}'),(67521,'2310f1f3-dc81-34fb-abd4-a92219e22241','assassin',1,'global','spawn',0,'{}'),(67652,'2310f1f3-dc81-34fb-abd4-a92219e22241','assassin',1,'global','world',0,'{}'),(67788,'1d20d3d7-209e-369d-9e38-5372d006fa13','group.default',1,'global','global',0,'{}'),(67789,'1d20d3d7-209e-369d-9e38-5372d006fa13','mage',1,'global','dungeon',0,'{}'),(67980,'00000000-0000-0000-0009-01ffd09244df','mage',1,'global','spawn',0,'{}'),(68145,'4eb4c1d7-5232-383a-acff-2db1ab6a84b4','archer',1,'global','world',0,'{}');
/*!40000 ALTER TABLE `luckperms_user_permissions` ENABLE KEYS */;
UNLOCK TABLES;
/*!40103 SET TIME_ZONE=@OLD_TIME_ZONE */;

/*!40101 SET SQL_MODE=@OLD_SQL_MODE */;
/*!40014 SET FOREIGN_KEY_CHECKS=@OLD_FOREIGN_KEY_CHECKS */;
/*!40014 SET UNIQUE_CHECKS=@OLD_UNIQUE_CHECKS */;
/*!40101 SET CHARACTER_SET_CLIENT=@OLD_CHARACTER_SET_CLIENT */;
/*!40101 SET CHARACTER_SET_RESULTS=@OLD_CHARACTER_SET_RESULTS */;
/*!40101 SET COLLATION_CONNECTION=@OLD_COLLATION_CONNECTION */;
/*!40111 SET SQL_NOTES=@OLD_SQL_NOTES */;

-- Dump completed on 2024-06-26 14:33:18
